{"train loss": 1.719719409942627, "_timestamp": 1704901065.8383126, "_runtime": 105.6015236377716, "_step": 0, "_wandb": {"runtime": 184}}