{"train loss": 1.5422158241271973, "step": 2, "epoch": 2, "_timestamp": 1704900479.8437068, "_runtime": 200.38683891296387, "_step": 1, "_wandb": {"runtime": 199}}