{"train loss": 1.7549488544464111, "_timestamp": 1704901335.418145, "_runtime": 105.38974499702454, "_step": 0, "_wandb": {"runtime": 183}}