{"train loss": 1.5552191734313965, "step": 2, "epoch": 2, "_timestamp": 1704899083.8649592, "_runtime": 197.75998520851135, "_step": 1, "_wandb": {"runtime": 196}}