{"train loss": 1.6107559204101562, "step": 2, "epoch": 2, "_timestamp": 1704900845.9178066, "_runtime": 196.5490746498108, "_step": 1, "_wandb": {"runtime": 195}}