{"train loss": 1.2047027349472046, "step": 9, "epoch": 9, "_timestamp": 1704898788.9254398, "_runtime": 872.024986743927, "_step": 8, "_wandb": {"runtime": 952}}