{"train loss": 1.8446519374847412, "_timestamp": 1704901566.1041138, "_runtime": 105.45317888259888, "_step": 0, "_wandb": {"runtime": 183}}