{"train loss": 1.4939806461334229, "step": 2, "epoch": 2, "_timestamp": 1704899887.5504913, "_runtime": 201.39464235305786, "_step": 1, "_wandb": {"runtime": 200}}